County, Population
"Autauga","54,571"
"Baldwin","182,265"
"Barbour","27,457"
"Bibb","22,915"
"Blount","57,322"
"Bullock","10,914"
"Butler","20,947"
"Calhoun","118,572"
"Chambers","34,215"
"Cherokee","25,989"
"Chilton","43,643"
"Choctaw","13,859"
"Clarke","25,833"
"Clay","13,932"
"Cleburne","14,972"
"Coffee","49,948"
"Colbert","54,428"
"Conecuh","13,228"
"Coosa","11,539"
"Covington","37,765"
"Crenshaw","13,906"
"Cullman","80,406"
"Dale","50,251"
"Dallas","43,820"
"DeKalb","71,109"
"Elmore","79,303"
"Escambia","38,319"
"Etowah","104,430"
"Fayette","17,241"
"Franklin","31,704"
"Geneva","26,790"
"Greene","9,045"
"Hale","15,760"
"Henry","17,302"
"Houston","101,547"
"Jackson","53,227"
"Jefferson","658,466"
"Lamar","14,564"
"Lauderdale","92,709"
"Lawrence","34,339"
"Lee","140,247"
"Limestone","82,782"
"Lowndes","11,299"
"Macon","21,452"
"Madison","334,811"
"Marengo","21,027"
"Marion","30,776"
"Marshall","93,019"
"Mobile","412,992"
"Monroe","23,068"
"Montgomery","229,363"
"Morgan","119,490"
"Perry","10,591"
"Pickens","19,746"
"Pike","32,899"
"Randolph","22,913"
"Russell","52,947"
"St","83,593"
"Shelby","195,085"
"Sumter","13,763"
"Talladega","82,291"
"Tallapoosa","41,616"
"Tuscaloosa","194,656"
"Walker","67,023"
"Washington","17,581"
"Wilcox","11,670"
"Winston","24,484"
"Aleutians","3,141"
"Aleutians","5,561"
"Anchorage","291,826"
"Bethel","17,013"
"Bristol","997"
"Denali","1,826"
"Dillingham","4,847"
"Fairbanks","97,581"
"Haines","2,508"
"Hoonah-Angoon","2,150"
"Juneau","31,275"
"Kenai","55,400"
"Ketchikan","13,477"
"Kodiak","13,592"
"Kusilvak","7,459"
"Lake","1,631"
"Matanuska-Susitna","88,995"
"Nome","9,492"
"North","9,430"
"Northwest","7,523"
"Petersburg","3,815"
"Prince","5,559"
"Sitka","8,881"
"Skagway","968"
"Southeast","7,029"
"Valdez-Cordova","9,636"
"Wrangell","2,369"
"Yakutat","662"
"Yukon-Koyukuk","5,588"
"Apache","71,518"
"Cochise","131,346"
"Coconino","134,421"
"Gila","53,597"
"Graham","37,220"
"Greenlee","8,437"
"La","20,489"
"Maricopa","3,817,117"
"Mohave","200,186"
"Navajo","107,449"
"Pima","980,263"
"Pinal","375,770"
"Santa","47,420"
"Yavapai","211,033"
"Yuma","195,751"
"Arkansas","19,019"
"Ashley","21,853"
"Baxter","41,513"
"Benton","221,339"
"Boone","36,903"
"Bradley","11,508"
"Calhoun","5,368"
"Carroll","27,446"
"Chicot","11,800"
"Clark","22,995"
"Clay","16,083"
"Cleburne","25,970"
"Cleveland","8,689"
"Columbia","24,552"
"Conway","21,273"
"Craighead","96,443"
"Crawford","61,948"
"Crittenden","50,902"
"Cross","17,870"
"Dallas","8,116"
"Desha","13,008"
"Drew","18,509"
"Faulkner","113,237"
"Franklin","18,125"
"Fulton","12,245"
"Garland","96,024"
"Grant","17,853"
"Greene","42,090"
"Hempstead","22,609"
"Hot","32,923"
"Howard","13,789"
"Independence","36,647"
"Izard","13,696"
"Jackson","17,997"
"Jefferson","77,435"
"Johnson","25,540"
"Lafayette","7,645"
"Lawrence","17,415"
"Lee","10,424"
"Lincoln","14,134"
"Little","13,171"
"Logan","22,353"
"Lonoke","68,356"
"Madison","15,717"
"Marion","16,653"
"Miller","43,462"
"Mississippi","46,480"
"Monroe","8,149"
"Montgomery","9,487"
"Nevada","8,997"
"Newton","8,330"
"Ouachita","26,120"
"Perry","10,445"
"Phillips","21,757"
"Pike","11,291"
"Poinsett","24,583"
"Polk","20,662"
"Pope","61,754"
"Prairie","8,715"
"Pulaski","382,748"
"Randolph","17,969"
"St","28,258"
"Saline","107,118"
"Scott","11,233"
"Searcy","8,195"
"Sebastian","125,744"
"Sevier","17,058"
"Sharp","17,264"
"Stone","12,394"
"Union","41,639"
"Van","17,295"
"Washington","203,065"
"White","77,076"
"Woodruff","7,260"
"Yell","22,185"
"Alameda","1,510,271"
"Alpine","1,175"
"Amador","38,091"
"Butte","220,000"
"Calaveras","45,578"
"Colusa","21,419"
"Contra","1,049,025"
"Del","28,610"
"El","181,058"
"Fresno","930,450"
"Glenn","28,122"
"Humboldt","134,623"
"Imperial","174,528"
"Inyo","18,546"
"Kern","839,631"
"Kings","152,982"
"Lake","64,665"
"Lassen","34,895"
"Los","9,818,605"
"Madera","150,865"
"Marin","252,409"
"Mariposa","18,251"
"Mendocino","87,841"
"Merced","255,793"
"Modoc","9,686"
"Mono","14,202"
"Monterey","415,057"
"Napa","136,484"
"Nevada","98,764"
"Orange","3,010,232"
"Placer","348,432"
"Plumas","20,007"
"Riverside","2,189,641"
"Sacramento","1,418,788"
"San","55,269"
"San","2,035,210"
"San","3,095,313"
"San","805,235"
"San","685,306"
"San","269,637"
"San","718,451"
"Santa","423,895"
"Santa","1,781,642"
"Santa","262,382"
"Shasta","177,223"
"Sierra","3,240"
"Siskiyou","44,900"
"Solano","413,344"
"Sonoma","483,878"
"Stanislaus","514,453"
"Sutter","94,737"
"Tehama","63,463"
"Trinity","13,786"
"Tulare","442,179"
"Tuolumne","55,365"
"Ventura","823,318"
"Yolo","200,849"
"Yuba","72,155"
"Adams","441,603"
"Alamosa","15,445"
"Arapahoe","572,003"
"Archuleta","12,084"
"Baca","3,788"
"Bent","6,499"
"Boulder","294,567"
"Broomfield","55,889"
"Chaffee","17,809"
"Cheyenne","1,836"
"Clear","9,088"
"Conejos","8,256"
"Costilla","3,524"
"Crowley","5,823"
"Custer","4,255"
"Delta","30,952"
"Denver","600,158"
"Dolores","2,064"
"Douglas","285,465"
"Eagle","52,197"
"Elbert","23,086"
"El","622,263"
"Fremont","46,824"
"Garfield","56,389"
"Gilpin","5,441"
"Grand","14,843"
"Gunnison","15,324"
"Hinsdale","843"
"Huerfano","6,711"
"Jackson","1,394"
"Jefferson","534,543"
"Kiowa","1,398"
"Kit","8,270"
"Lake","7,310"
"La","51,334"
"Larimer","299,630"
"Las","15,507"
"Lincoln","5,467"
"Logan","22,709"
"Mesa","146,723"
"Mineral","712"
"Moffat","13,795"
"Montezuma","25,535"
"Montrose","41,276"
"Morgan","28,159"
"Otero","18,831"
"Ouray","4,436"
"Park","16,206"
"Phillips","4,442"
"Pitkin","17,148"
"Prowers","12,551"
"Pueblo","159,063"
"Rio","6,666"
"Rio","11,982"
"Routt","23,509"
"Saguache","6,108"
"San","699"
"San","7,359"
"Sedgwick","2,379"
"Summit","27,994"
"Teller","23,350"
"Washington","4,814"
"Weld","252,825"
"Yuma","10,043"
"Fairfield","916,829"
"Hartford","894,014"
"Litchfield","189,927"
"Middlesex","165,676"
"New","862,477"
"New","274,055"
"Tolland","152,691"
"Windham","118,428"
"Kent","162,310"
"New","538,479"
"Sussex","197,145"
"District","601,723"
"Alachua","247,336"
"Baker","27,115"
"Bay","168,852"
"Bradford","28,520"
"Brevard","543,376"
"Broward","1,748,066"
"Calhoun","14,625"
"Charlotte","159,978"
"Citrus","141,236"
"Clay","190,865"
"Collier","321,520"
"Columbia","67,531"
"DeSoto","34,862"
"Dixie","16,422"
"Duval","864,263"
"Escambia","297,619"
"Flagler","95,696"
"Franklin","11,549"
"Gadsden","46,389"
"Gilchrist","16,939"
"Glades","12,884"
"Gulf","15,863"
"Hamilton","14,799"
"Hardee","27,731"
"Hendry","39,140"
"Hernando","172,778"
"Highlands","98,786"
"Hillsborough","1,229,226"
"Holmes","19,927"
"Indian","138,028"
"Jackson","49,746"
"Jefferson","14,761"
"Lafayette","8,870"
"Lake","297,052"
"Lee","618,754"
"Leon","275,487"
"Levy","40,801"
"Liberty","8,365"
"Madison","19,224"
"Manatee","322,833"
"Marion","331,298"
"Martin","146,318"
"Miami-Dade","2,496,435"
"Monroe","73,090"
"Nassau","73,314"
"Okaloosa","180,822"
"Okeechobee","39,996"
"Orange","1,145,956"
"Osceola","268,685"
"Palm","1,320,134"
"Pasco","464,697"
"Pinellas","916,542"
"Polk","602,095"
"Putnam","74,364"
"St","190,039"
"St","277,789"
"Santa","151,372"
"Sarasota","379,448"
"Seminole","422,718"
"Sumter","93,420"
"Suwannee","41,551"
"Taylor","22,570"
"Union","15,535"
"Volusia","494,593"
"Wakulla","30,776"
"Walton","55,043"
"Washington","24,896"
"Appling","18,236"
"Atkinson","8,375"
"Bacon","11,096"
"Baker","3,451"
"Baldwin","45,720"
"Banks","18,395"
"Barrow","69,367"
"Bartow","100,157"
"Ben","17,634"
"Berrien","19,286"
"Bibb","155,547"
"Bleckley","13,063"
"Brantley","18,411"
"Brooks","16,243"
"Bryan","30,233"
"Bulloch","70,217"
"Burke","23,316"
"Butts","23,655"
"Calhoun","6,694"
"Camden","50,513"
"Candler","10,998"
"Carroll","110,527"
"Catoosa","63,942"
"Charlton","12,171"
"Chatham","265,128"
"Chattahoochee","11,267"
"Chattooga","26,015"
"Cherokee","214,346"
"Clarke","116,714"
"Clay","3,183"
"Clayton","259,424"
"Clinch","6,798"
"Cobb","688,078"
"Coffee","42,356"
"Colquitt","45,498"
"Columbia","124,053"
"Cook","17,212"
"Coweta","127,317"
"Crawford","12,630"
"Crisp","23,439"
"Dade","16,633"
"Dawson","22,330"
"Decatur","27,842"
"DeKalb","691,893"
"Dodge","21,796"
"Dooly","14,918"
"Dougherty","94,565"
"Douglas","132,403"
"Early","11,008"
"Echols","4,034"
"Effingham","52,250"
"Elbert","20,166"
"Emanuel","22,598"
"Evans","11,000"
"Fannin","23,682"
"Fayette","106,567"
"Floyd","96,317"
"Forsyth","175,511"
"Franklin","22,084"
"Fulton","920,581"
"Gilmer","28,292"
"Glascock","3,082"
"Glynn","79,626"
"Gordon","55,186"
"Grady","25,011"
"Greene","15,994"
"Gwinnett","805,321"
"Habersham","43,041"
"Hall","179,684"
"Hancock","9,429"
"Haralson","28,780"
"Harris","32,024"
"Hart","25,213"
"Heard","11,834"
"Henry","203,922"
"Houston","139,900"
"Irwin","9,538"
"Jackson","60,485"
"Jasper","13,900"
"Jeff","15,068"
"Jefferson","16,930"
"Jenkins","8,340"
"Johnson","9,980"
"Jones","28,669"
"Lamar","18,317"
"Lanier","10,078"
"Laurens","48,434"
"Lee","28,298"
"Liberty","63,453"
"Lincoln","7,996"
"Long","14,464"
"Lowndes","109,233"
"Lumpkin","29,966"
"McDuffie","21,875"
"McIntosh","14,333"
"Macon","14,740"
"Madison","28,120"
"Marion","8,742"
"Meriwether","21,992"
"Miller","6,125"
"Mitchell","23,498"
"Monroe","26,424"
"Montgomery","9,123"
"Morgan","17,868"
"Murray","39,628"
"Muscogee","189,885"
"Newton","99,958"
"Oconee","32,808"
"Oglethorpe","14,899"
"Paulding","142,324"
"Peach","27,695"
"Pickens","29,431"
"Pierce","18,758"
"Pike","17,869"
"Polk","41,475"
"Pulaski","12,010"
"Putnam","21,218"
"Quitman","2,513"
"Rabun","16,276"
"Randolph","7,719"
"Richmond","200,549"
"Rockdale","85,215"
"Schley","5,010"
"Screven","14,593"
"Seminole","8,729"
"Spalding","64,073"
"Stephens","26,175"
"Stewart","6,058"
"Sumter","32,819"
"Talbot","6,865"
"Taliaferro","1,717"
"Tattnall","25,520"
"Taylor","8,906"
"Telfair","16,500"
"Terrell","9,315"
"Thomas","44,720"
"Tift","40,118"
"Toombs","27,223"
"Towns","10,471"
"Treutlen","6,885"
"Troup","67,044"
"Turner","8,930"
"Twiggs","9,023"
"Union","21,356"
"Upson","27,153"
"Walker","68,756"
"Walton","83,768"
"Ware","36,312"
"Warren","5,834"
"Washington","21,187"
"Wayne","30,099"
"Webster","2,799"
"Wheeler","7,421"
"White","27,144"
"Whitfield","102,599"
"Wilcox","9,255"
"Wilkes","10,593"
"Wilkinson","9,563"
"Worth","21,679"
"Hawaii","185,079"
"Honolulu","953,207"
"Kalawao","90"
"Kauai","67,091"
"Maui","154,834"
"Ada","392,365"
"Adams","3,976"
"Bannock","82,839"
"Bear","5,986"
"Benewah","9,285"
"Bingham","45,607"
"Blaine","21,376"
"Boise","7,028"
"Bonner","40,877"
"Bonneville","104,234"
"Boundary","10,972"
"Butte","2,891"
"Camas","1,117"
"Canyon","188,923"
"Caribou","6,963"
"Cassia","22,952"
"Clark","982"
"Clearwater","8,761"
"Custer","4,368"
"Elmore","27,038"
"Franklin","12,786"
"Fremont","13,242"
"Gem","16,719"
"Gooding","15,464"
"Idaho","16,267"
"Jefferson","26,140"
"Jerome","22,374"
"Kootenai","138,494"
"Latah","37,244"
"Lemhi","7,936"
"Lewis","3,821"
"Lincoln","5,208"
"Madison","37,536"
"Minidoka","20,069"
"Nez","39,265"
"Oneida","4,286"
"Owyhee","11,526"
"Payette","22,623"
"Power","7,817"
"Shoshone","12,765"
"Teton","10,170"
"Twin","77,230"
"Valley","9,862"
"Washington","10,198"
"Adams","67,103"
"Alexander","8,238"
"Bond","17,768"
"Boone","54,165"
"Brown","6,937"
"Bureau","34,978"
"Calhoun","5,089"
"Carroll","15,387"
"Cass","13,642"
"Champaign","201,081"
"Christian","34,800"
"Clark","16,335"
"Clay","13,815"
"Clinton","37,762"
"Coles","53,873"
"Cook","5,194,675"
"Crawford","19,817"
"Cumberland","11,048"
"DeKalb","105,160"
"De","16,561"
"Douglas","19,980"
"DuPage","916,924"
"Edgar","18,576"
"Edwards","6,721"
"Effingham","34,242"
"Fayette","22,140"
"Ford","14,081"
"Franklin","39,561"
"Fulton","37,069"
"Gallatin","5,589"
"Greene","13,886"
"Grundy","50,063"
"Hamilton","8,457"
"Hancock","19,104"
"Hardin","4,320"
"Henderson","7,331"
"Henry","50,486"
"Iroquois","29,718"
"Jackson","60,218"
"Jasper","9,698"
"Jefferson","38,827"
"Jersey","22,985"
"Jo","22,678"
"Johnson","12,582"
"Kane","515,269"
"Kankakee","113,449"
"Kendall","114,736"
"Knox","52,919"
"Lake","703,462"
"LaSalle","113,924"
"Lawrence","16,833"
"Lee","36,031"
"Livingston","38,950"
"Logan","30,305"
"McDonough","32,612"
"McHenry","308,760"
"McLean","169,572"
"Macon","110,768"
"Macoupin","47,765"
"Madison","269,282"
"Marion","39,437"
"Marshall","12,640"
"Mason","14,666"
"Massac","15,429"
"Menard","12,705"
"Mercer","16,434"
"Monroe","32,957"
"Montgomery","30,104"
"Morgan","35,547"
"Moultrie","14,846"
"Ogle","53,497"
"Peoria","186,494"
"Perry","22,350"
"Piatt","16,729"
"Pike","16,430"
"Pope","4,470"
"Pulaski","6,161"
"Putnam","6,006"
"Randolph","33,476"
"Richland","16,233"
"Rock","147,546"
"St","270,056"
"Saline","24,913"
"Sangamon","197,465"
"Schuyler","7,544"
"Scott","5,355"
"Shelby","22,363"
"Stark","5,994"
"Stephenson","47,711"
"Tazewell","135,394"
"Union","17,808"
"Vermilion","81,625"
"Wabash","11,947"
"Warren","17,707"
"Washington","14,716"
"Wayne","16,760"
"White","14,665"
"Whiteside","58,498"
"Will","677,560"
"Williamson","66,357"
"Winnebago","295,266"
"Woodford","38,664"
"Adams","34,387"
"Allen","355,329"
"Bartholomew","76,794"
"Benton","8,854"
"Blackford","12,766"
"Boone","56,640"
"Brown","15,242"
"Carroll","20,155"
"Cass","38,966"
"Clark","110,232"
"Clay","26,890"
"Clinton","33,224"
"Crawford","10,713"
"Daviess","31,648"
"Dearborn","50,047"
"Decatur","25,740"
"DeKalb","42,223"
"Delaware","117,671"
"Dubois","41,889"
"Elkhart","197,559"
"Fayette","24,277"
"Floyd","74,578"
"Fountain","17,240"
"Franklin","23,087"
"Fulton","20,836"
"Gibson","33,503"
"Grant","70,061"
"Greene","33,165"
"Hamilton","274,569"
"Hancock","70,002"
"Harrison","39,364"
"Hendricks","145,448"
"Henry","49,462"
"Howard","82,752"
"Huntington","37,124"
"Jackson","42,376"
"Jasper","33,478"
"Jay","21,253"
"Jefferson","32,428"
"Jennings","28,525"
"Johnson","139,654"
"Knox","38,440"
"Kosciusko","77,358"
"LaGrange","37,128"
"Lake","496,005"
"LaPorte","111,467"
"Lawrence","46,134"
"Madison","131,636"
"Marion","903,393"
"Marshall","47,051"
"Martin","10,334"
"Miami","36,903"
"Monroe","137,974"
"Montgomery","38,124"
"Morgan","68,894"
"Newton","14,244"
"Noble","47,536"
"Ohio","6,128"
"Orange","19,840"
"Owen","21,575"
"Parke","17,339"
"Perry","19,338"
"Pike","12,845"
"Porter","164,343"
"Posey","25,910"
"Pulaski","13,402"
"Putnam","37,963"
"Randolph","26,171"
"Ripley","28,818"
"Rush","17,392"
"St","266,931"
"Scott","24,181"
"Shelby","44,436"
"Spencer","20,952"
"Starke","23,363"
"Steuben","34,185"
"Sullivan","21,475"
"Switzerland","10,613"
"Tippecanoe","172,780"
"Tipton","15,936"
"Union","7,516"
"Vanderburgh","179,703"
"Vermillion","16,212"
"Vigo","107,848"
"Wabash","32,888"
"Warren","8,508"
"Warrick","59,689"
"Washington","28,262"
"Wayne","68,917"
"Wells","27,636"
"White","24,643"
"Whitley","33,292"
"Adair","7,682"
"Adams","4,029"
"Allamakee","14,330"
"Appanoose","12,887"
"Audubon","6,119"
"Benton","26,076"
"Black","131,090"
"Boone","26,306"
"Bremer","24,276"
"Buchanan","20,958"
"Buena","20,260"
"Butler","14,867"
"Calhoun","9,670"
"Carroll","20,816"
"Cass","13,956"
"Cedar","18,499"
"Cerro","44,151"
"Cherokee","12,072"
"Chickasaw","12,439"
"Clarke","9,286"
"Clay","16,667"
"Clayton","18,129"
"Clinton","49,116"
"Crawford","17,096"
"Dallas","66,135"
"Davis","8,753"
"Decatur","8,457"
"Delaware","17,764"
"Des","40,325"
"Dickinson","16,667"
"Dubuque","93,653"
"Emmet","10,302"
"Fayette","20,880"
"Floyd","16,303"
"Franklin","10,680"
"Fremont","7,441"
"Greene","9,336"
"Grundy","12,453"
"Guthrie","10,954"
"Hamilton","15,673"
"Hancock","11,341"
"Hardin","17,534"
"Harrison","14,928"
"Henry","20,145"
"Howard","9,566"
"Humboldt","9,815"
"Ida","7,089"
"Iowa","16,355"
"Jackson","19,848"
"Jasper","36,842"
"Jefferson","16,843"
"Johnson","130,882"
"Jones","20,638"
"Keokuk","10,511"
"Kossuth","15,543"
"Lee","35,862"
"Linn","211,226"
"Louisa","11,387"
"Lucas","8,898"
"Lyon","11,581"
"Madison","15,679"
"Mahaska","22,381"
"Marion","33,309"
"Marshall","40,648"
"Mills","15,059"
"Mitchell","10,776"
"Monona","9,243"
"Monroe","7,970"
"Montgomery","10,740"
"Muscatine","42,745"
"O'Brien","14,398"
"Osceola","6,462"
"Page","15,932"
"Palo","9,421"
"Plymouth","24,986"
"Pocahontas","7,310"
"Polk","430,640"
"Pottawattamie","93,158"
"Poweshiek","18,914"
"Ringgold","5,131"
"Sac","10,350"
"Scott","165,224"
"Shelby","12,167"
"Sioux","33,704"
"Story","89,542"
"Tama","17,767"
"Taylor","6,317"
"Union","12,534"
"Van","7,570"
"Wapello","35,625"
"Warren","46,225"
"Washington","21,704"
"Wayne","6,403"
"Webster","38,013"
"Winnebago","10,866"
"Winneshiek","21,056"
"Woodbury","102,172"
"Worth","7,598"
"Wright","13,229"
"Allen","13,371"
"Anderson","8,102"
"Atchison","16,924"
"Barber","4,861"
"Barton","27,674"
"Bourbon","15,173"
"Brown","9,984"
"Butler","65,880"
"Chase","2,790"
"Chautauqua","3,669"
"Cherokee","21,603"
"Cheyenne","2,726"
"Clark","2,215"
"Clay","8,535"
"Cloud","9,533"
"Coffey","8,601"
"Comanche","1,891"
"Cowley","36,311"
"Crawford","39,134"
"Decatur","2,961"
"Dickinson","19,754"
"Doniphan","7,945"
"Douglas","110,826"
"Edwards","3,037"
"Elk","2,882"
"Ellis","28,452"
"Ellsworth","6,497"
"Finney","36,776"
"Ford","33,848"
"Franklin","25,992"
"Geary","34,362"
"Gove","2,695"
"Graham","2,597"
"Grant","7,829"
"Gray","6,006"
"Greeley","1,247"
"Greenwood","6,689"
"Hamilton","2,690"
"Harper","6,034"
"Harvey","34,684"
"Haskell","4,256"
"Hodgeman","1,916"
"Jackson","13,462"
"Jefferson","19,126"
"Jewell","3,077"
"Johnson","544,179"
"Kearny","3,977"
"Kingman","7,858"
"Kiowa","2,553"
"Labette","21,607"
"Lane","1,750"
"Leavenworth","76,227"
"Lincoln","3,241"
"Linn","9,656"
"Logan","2,756"
"Lyon","33,690"
"McPherson","29,180"
"Marion","12,660"
"Marshall","10,117"
"Meade","4,575"
"Miami","32,787"
"Mitchell","6,373"
"Montgomery","35,471"
"Morris","5,923"
"Morton","3,233"
"Nemaha","10,178"
"Neosho","16,512"
"Ness","3,107"
"Norton","5,671"
"Osage","16,295"
"Osborne","3,858"
"Ottawa","6,091"
"Pawnee","6,973"
"Phillips","5,642"
"Pottawatomie","21,604"
"Pratt","9,656"
"Rawlins","2,519"
"Reno","64,511"
"Republic","4,980"
"Rice","10,083"
"Riley","71,115"
"Rooks","5,181"
"Rush","3,307"
"Russell","6,970"
"Saline","55,606"
"Scott","4,936"
"Sedgwick","498,365"
"Seward","22,952"
"Shawnee","177,934"
"Sheridan","2,556"
"Sherman","6,010"
"Smith","3,853"
"Stafford","4,437"
"Stanton","2,235"
"Stevens","5,724"
"Sumner","24,132"
"Thomas","7,900"
"Trego","3,001"
"Wabaunsee","7,053"
"Wallace","1,485"
"Washington","5,799"
"Wichita","2,234"
"Wilson","9,409"
"Woodson","3,309"
"Wyandotte","157,505"
"Adair","18,656"
"Allen","19,956"
"Anderson","21,421"
"Ballard","8,249"
"Barren","42,173"
"Bath","11,591"
"Bell","28,691"
"Boone","118,811"
"Bourbon","19,985"
"Boyd","49,542"
"Boyle","28,432"
"Bracken","8,488"
"Breathitt","13,878"
"Breckinridge","20,059"
"Bullitt","74,319"
"Butler","12,690"
"Caldwell","12,984"
"Calloway","37,191"
"Campbell","90,336"
"Carlisle","5,104"
"Carroll","10,811"
"Carter","27,720"
"Casey","15,955"
"Christian","73,955"
"Clark","35,613"
"Clay","21,730"
"Clinton","10,272"
"Crittenden","9,315"
"Cumberland","6,856"
"Daviess","96,656"
"Edmonson","12,161"
"Elliott","7,852"
"Estill","14,672"
"Fayette","295,803"
"Fleming","14,348"
"Floyd","39,451"
"Franklin","49,285"
"Fulton","6,813"
"Gallatin","8,589"
"Garrard","16,912"
"Grant","24,662"
"Graves","37,121"
"Grayson","25,746"
"Green","11,258"
"Greenup","36,910"
"Hancock","8,565"
"Hardin","105,543"
"Harlan","29,278"
"Harrison","18,846"
"Hart","18,199"
"Henderson","46,250"
"Henry","15,416"
"Hickman","4,902"
"Hopkins","46,920"
"Jackson","13,494"
"Jefferson","741,096"
"Jessamine","48,586"
"Johnson","23,356"
"Kenton","159,720"
"Knott","16,346"
"Knox","31,883"
"Larue","14,193"
"Laurel","58,849"
"Lawrence","15,860"
"Lee","7,887"
"Leslie","11,310"
"Letcher","24,519"
"Lewis","13,870"
"Lincoln","24,742"
"Livingston","9,519"
"Logan","26,835"
"Lyon","8,314"
"McCracken","65,565"
"McCreary","18,306"
"McLean","9,531"
"Madison","82,916"
"Magoffin","13,333"
"Marion","19,820"
"Marshall","31,448"
"Martin","12,929"
"Mason","17,490"
"Meade","28,602"
"Menifee","6,306"
"Mercer","21,331"
"Metcalfe","10,099"
"Monroe","10,963"
"Montgomery","26,499"
"Morgan","13,923"
"Muhlenberg","31,499"
"Nelson","43,437"
"Nicholas","7,135"
"Ohio","23,842"
"Oldham","60,316"
"Owen","10,841"
"Owsley","4,755"
"Pendleton","14,877"
"Perry","28,712"
"Pike","65,024"
"Powell","12,613"
"Pulaski","63,063"
"Robertson","2,282"
"Rockcastle","17,056"
"Rowan","23,333"
"Russell","17,565"
"Scott","47,173"
"Shelby","42,074"
"Simpson","17,327"
"Spencer","17,061"
"Taylor","24,512"
"Todd","12,460"
"Trigg","14,339"
"Trimble","8,809"
"Union","15,007"
"Warren","113,792"
"Washington","11,717"
"Wayne","20,813"
"Webster","13,621"
"Whitley","35,637"
"Wolfe","7,355"
"Woodford","24,939"
"Acadia","61,773"
"Allen","25,764"
"Ascension","107,215"
"Assumption","23,421"
"Avoyelles","42,073"
"Beauregard","35,654"
"Bienville","14,353"
"Bossier","116,979"
"Caddo","254,969"
"Calcasieu","192,768"
"Caldwell","10,132"
"Cameron","6,839"
"Catahoula","10,407"
"Claiborne","17,195"
"Concordia","20,822"
"De","26,656"
"East","440,171"
"East","7,759"
"East","20,267"
"Evangeline","33,984"
"Franklin","20,767"
"Grant","22,309"
"Iberia","73,240"
"Iberville","33,387"
"Jackson","16,274"
"Jefferson","432,552"
"Jefferson","31,594"
"Lafayette","221,578"
"Lafourche","96,318"
"LaSalle","14,890"
"Lincoln","46,735"
"Livingston","128,026"
"Madison","12,093"
"Morehouse","27,979"
"Natchitoches","39,566"
"Orleans","343,829"
"Ouachita","153,720"
"Plaquemines","23,042"
"Pointe","22,802"
"Rapides","131,613"
"Red","9,091"
"Richland","20,725"
"Sabine","24,233"
"St","35,897"
"St","52,780"
"St","11,203"
"St","22,102"
"St","45,924"
"St","83,384"
"St","52,160"
"St","54,650"
"St","233,740"
"Tangipahoa","121,097"
"Tensas","5,252"
"Terrebonne","111,860"
"Union","22,721"
"Vermilion","57,999"
"Vernon","52,334"
"Washington","47,168"
"Webster","41,207"
"West","23,788"
"West","11,604"
"West","15,625"
"Winn","15,313"
"Androscoggin","107,702"
"Aroostook","71,870"
"Cumberland","281,674"
"Franklin","30,768"
"Hancock","54,418"
"Kennebec","122,151"
"Knox","39,736"
"Lincoln","34,457"
"Oxford","57,833"
"Penobscot","153,923"
"Piscataquis","17,535"
"Sagadahoc","35,293"
"Somerset","52,228"
"Waldo","38,786"
"Washington","32,856"
"York","197,131"
"Allegany","75,087"
"Anne","537,656"
"Baltimore","805,029"
"Calvert","88,737"
"Caroline","33,066"
"Carroll","167,134"
"Cecil","101,108"
"Charles","146,551"
"Dorchester","32,618"
"Frederick","233,385"
"Garrett","30,097"
"Harford","244,826"
"Howard","287,085"
"Kent","20,197"
"Montgomery","971,777"
"Prince","863,420"
"Queen","47,798"
"St","105,151"
"Somerset","26,470"
"Talbot","37,782"
"Washington","147,430"
"Wicomico","98,733"
"Worcester","51,454"
"Baltimore","620,961"
"Barnstable","215,888"
"Berkshire","131,219"
"Bristol","548,285"
"Dukes","16,535"
"Essex","743,159"
"Franklin","71,372"
"Hampden","463,490"
"Hampshire","158,080"
"Middlesex","1,503,085"
"Nantucket","10,172"
"Norfolk","670,850"
"Plymouth","494,919"
"Suffolk","722,023"
"Worcester","798,552"
"Alcona","10,942"
"Alger","9,601"
"Allegan","111,408"
"Alpena","29,598"
"Antrim","23,580"
"Arenac","15,899"
"Baraga","8,860"
"Barry","59,173"
"Bay","107,771"
"Benzie","17,525"
"Berrien","156,813"
"Branch","45,248"
"Calhoun","136,146"
"Cass","52,293"
"Charlevoix","25,949"
"Cheboygan","26,152"
"Chippewa","38,520"
"Clare","30,926"
"Clinton","75,382"
"Crawford","14,074"
"Delta","37,069"
"Dickinson","26,168"
"Eaton","107,759"
"Emmet","32,694"
"Genesee","425,790"
"Gladwin","25,692"
"Gogebic","16,427"
"Grand","86,986"
"Gratiot","42,476"
"Hillsdale","46,688"
"Houghton","36,628"
"Huron","33,118"
"Ingham","280,895"
"Ionia","63,905"
"Iosco","25,887"
"Iron","11,817"
"Isabella","70,311"
"Jackson","160,248"
"Kalamazoo","250,331"
"Kalkaska","17,153"
"Kent","602,622"
"Keweenaw","2,156"
"Lake","11,539"
"Lapeer","88,319"
"Leelanau","21,708"
"Lenawee","99,892"
"Livingston","180,967"
"Luce","6,631"
"Mackinac","11,113"
"Macomb","840,978"
"Manistee","24,733"
"Marquette","67,077"
"Mason","28,705"
"Mecosta","42,798"
"Menominee","24,029"
"Midland","83,629"
"Missaukee","14,849"
"Monroe","152,021"
"Montcalm","63,342"
"Montmorency","9,765"
"Muskegon","172,188"
"Newaygo","48,460"
"Oakland","1,202,362"
"Oceana","26,570"
"Ogemaw","21,699"
"Ontonagon","6,780"
"Osceola","23,528"
"Oscoda","8,640"
"Otsego","24,164"
"Ottawa","263,801"
"Presque","13,376"
"Roscommon","24,449"
"Saginaw","200,169"
"St","163,040"
"St","61,295"
"Sanilac","43,114"
"Schoolcraft","8,485"
"Shiawassee","70,648"
"Tuscola","55,729"
"Van","76,258"
"Washtenaw","344,791"
"Wayne","1,820,584"
"Wexford","32,735"
"Aitkin","16,202"
"Anoka","330,844"
"Becker","32,504"
"Beltrami","44,442"
"Benton","38,451"
"Big","5,269"
"Blue","64,013"
"Brown","25,893"
"Carlton","35,386"
"Carver","91,042"
"Cass","28,567"
"Chippewa","12,441"
"Chisago","53,887"
"Clay","58,999"
"Clearwater","8,695"
"Cook","5,176"
"Cottonwood","11,687"
"Crow","62,500"
"Dakota","398,552"
"Dodge","20,087"
"Douglas","36,009"
"Faribault","14,553"
"Fillmore","20,866"
"Freeborn","31,255"
"Goodhue","46,183"
"Grant","6,018"
"Hennepin","1,152,425"
"Houston","19,027"
"Hubbard","20,428"
"Isanti","37,816"
"Itasca","45,058"
"Jackson","10,266"
"Kanabec","16,239"
"Kandiyohi","42,239"
"Kittson","4,552"
"Koochiching","13,311"
"Lac","7,259"
"Lake","10,866"
"Lake","4,045"
"Le","27,703"
"Lincoln","5,896"
"Lyon","25,857"
"McLeod","36,651"
"Mahnomen","5,413"
"Marshall","9,439"
"Martin","20,840"
"Meeker","23,300"
"Mille","26,097"
"Morrison","33,198"
"Mower","39,163"
"Murray","8,725"
"Nicollet","32,727"
"Nobles","21,378"
"Norman","6,852"
"Olmsted","144,248"
"Otter","57,303"
"Pennington","13,930"
"Pine","29,750"
"Pipestone","9,596"
"Polk","31,600"
"Pope","10,995"
"Ramsey","508,640"
"Red","4,089"
"Redwood","16,059"
"Renville","15,730"
"Rice","64,142"
"Rock","9,687"
"Roseau","15,629"
"St","200,226"
"Scott","129,928"
"Sherburne","88,499"
"Sibley","15,226"
"Stearns","150,642"
"Steele","36,576"
"Stevens","9,726"
"Swift","9,783"
"Todd","24,895"
"Traverse","3,558"
"Wabasha","21,676"
"Wadena","13,843"
"Waseca","19,136"
"Washington","238,136"
"Watonwan","11,211"
"Wilkin","6,576"
"Winona","51,461"
"Wright","124,700"
"Yellow","10,438"
"Adams","32,297"
"Alcorn","37,057"
"Amite","13,131"
"Attala","19,564"
"Benton","8,729"
"Bolivar","34,145"
"Calhoun","14,962"
"Carroll","10,597"
"Chickasaw","17,392"
"Choctaw","8,547"
"Claiborne","9,604"
"Clarke","16,732"
"Clay","20,634"
"Coahoma","26,151"
"Copiah","29,449"
"Covington","19,568"
"DeSoto","161,252"
"Forrest","74,934"
"Franklin","8,118"
"George","22,578"
"Greene","14,400"
"Grenada","21,906"
"Hancock","43,929"
"Harrison","187,105"
"Hinds","245,285"
"Holmes","19,198"
"Humphreys","9,375"
"Issaquena","1,406"
"Itawamba","23,401"
"Jackson","139,668"
"Jasper","17,062"
"Jefferson","7,726"
"Jefferson","12,487"
"Jones","67,761"
"Kemper","10,456"
"Lafayette","47,351"
"Lamar","55,658"
"Lauderdale","80,261"
"Lawrence","12,929"
"Leake","23,805"
"Lee","82,910"
"Leflore","32,317"
"Lincoln","34,869"
"Lowndes","59,779"
"Madison","95,203"
"Marion","27,088"
"Marshall","37,144"
"Monroe","36,989"
"Montgomery","10,925"
"Neshoba","29,676"
"Newton","21,720"
"Noxubee","11,545"
"Oktibbeha","47,671"
"Panola","34,707"
"Pearl","55,834"
"Perry","12,250"
"Pike","40,404"
"Pontotoc","29,957"
"Prentiss","25,276"
"Quitman","8,223"
"Rankin","141,617"
"Scott","28,264"
"Sharkey","4,916"
"Simpson","27,503"
"Smith","16,491"
"Stone","17,786"
"Sunflower","29,450"
"Tallahatchie","15,378"
"Tate","28,886"
"Tippah","22,232"
"Tishomingo","19,593"
"Tunica","10,778"
"Union","27,134"
"Walthall","15,443"
"Warren","48,773"
"Washington","51,137"
"Wayne","20,747"
"Webster","10,253"
"Wilkinson","9,878"
"Winston","19,198"
"Yalobusha","12,678"
"Yazoo","28,065"
"Adair","25,607"
"Andrew","17,291"
"Atchison","5,685"
"Audrain","25,529"
"Barry","35,597"
"Barton","12,402"
"Bates","17,049"
"Benton","19,056"
"Bollinger","12,363"
"Boone","162,642"
"Buchanan","89,201"
"Butler","42,794"
"Caldwell","9,424"
"Callaway","44,332"
"Camden","44,002"
"Cape","75,674"
"Carroll","9,295"
"Carter","6,265"
"Cass","99,478"
"Cedar","13,982"
"Chariton","7,831"
"Christian","77,422"
"Clark","7,139"
"Clay","221,939"
"Clinton","20,743"
"Cole","75,990"
"Cooper","17,601"
"Crawford","24,696"
"Dade","7,883"
"Dallas","16,777"
"Daviess","8,433"
"DeKalb","12,892"
"Dent","15,657"
"Douglas","13,684"
"Dunklin","31,953"
"Franklin","101,492"
"Gasconade","15,222"
"Gentry","6,738"
"Greene","275,174"
"Grundy","10,261"
"Harrison","8,957"
"Henry","22,272"
"Hickory","9,627"
"Holt","4,912"
"Howard","10,144"
"Howell","40,400"
"Iron","10,630"
"Jackson","674,158"
"Jasper","117,404"
"Jefferson","218,733"
"Johnson","52,595"
"Knox","4,131"
"Laclede","35,571"
"Lafayette","33,381"
"Lawrence","38,634"
"Lewis","10,211"
"Lincoln","52,566"
"Linn","12,761"
"Livingston","15,195"
"McDonald","23,083"
"Macon","15,566"
"Madison","12,226"
"Maries","9,176"
"Marion","28,781"
"Mercer","3,785"
"Miller","24,748"
"Mississippi","14,358"
"Moniteau","15,607"
"Monroe","8,840"
"Montgomery","12,236"
"Morgan","20,565"
"New","18,956"
"Newton","58,114"
"Nodaway","23,370"
"Oregon","10,881"
"Osage","13,878"
"Ozark","9,723"
"Pemiscot","18,296"
"Perry","18,971"
"Pettis","42,201"
"Phelps","45,156"
"Pike","18,516"
"Platte","89,322"
"Polk","31,137"
"Pulaski","52,274"
"Putnam","4,979"
"Ralls","10,167"
"Randolph","25,414"
"Ray","23,494"
"Reynolds","6,696"
"Ripley","14,100"
"St","360,485"
"St","9,805"
"Ste","18,145"
"St","65,359"
"St","998,954"
"Saline","23,370"
"Schuyler","4,431"
"Scotland","4,843"
"Scott","39,191"
"Shannon","8,441"
"Shelby","6,373"
"Stoddard","29,968"
"Stone","32,202"
"Sullivan","6,714"
"Taney","51,675"
"Texas","26,008"
"Vernon","21,159"
"Warren","32,513"
"Washington","25,195"
"Wayne","13,521"
"Webster","36,202"
"Worth","2,171"
"Wright","18,815"
"St","319,294"
"Beaverhead","9,246"
"Big","12,865"
"Blaine","6,491"
"Broadwater","5,612"
"Carbon","10,078"
"Carter","1,160"
"Cascade","81,327"
"Chouteau","5,813"
"Custer","11,699"
"Daniels","1,751"
"Dawson","8,966"
"Deer","9,298"
"Fallon","2,890"
"Fergus","11,586"
"Flathead","90,928"
"Gallatin","89,513"
"Garfield","1,206"
"Glacier","13,399"
"Golden","884"
"Granite","3,079"
"Hill","16,096"
"Jefferson","11,406"
"Judith","2,072"
"Lake","28,746"
"Lewis","63,395"
"Liberty","2,339"
"Lincoln","19,687"
"McCone","1,734"
"Madison","7,691"
"Meagher","1,891"
"Mineral","4,223"
"Missoula","109,299"
"Musselshell","4,538"
"Park","15,636"
"Petroleum","494"
"Phillips","4,253"
"Pondera","6,153"
"Powder","1,743"
"Powell","7,027"
"Prairie","1,179"
"Ravalli","40,212"
"Richland","9,746"
"Roosevelt","10,425"
"Rosebud","9,233"
"Sanders","11,413"
"Sheridan","3,384"
"Silver","34,200"
"Stillwater","9,117"
"Sweet","3,651"
"Teton","6,073"
"Toole","5,324"
"Treasure","718"
"Valley","7,369"
"Wheatland","2,168"
"Wibaux","1,017"
"Yellowstone","147,972"
"Adams","31,364"
"Antelope","6,685"
"Arthur","460"
"Banner","690"
"Blaine","478"
"Boone","5,505"
"Box","11,308"
"Boyd","2,099"
"Brown","3,145"
"Buffalo","46,102"
"Burt","6,858"
"Butler","8,395"
"Cass","25,241"
"Cedar","8,852"
"Chase","3,966"
"Cherry","5,713"
"Cheyenne","9,998"
"Clay","6,542"
"Colfax","10,515"
"Cuming","9,139"
"Custer","10,939"
"Dakota","21,006"
"Dawes","9,182"
"Dawson","24,326"
"Deuel","1,941"
"Dixon","6,000"
"Dodge","36,691"
"Douglas","517,110"
"Dundy","2,008"
"Fillmore","5,890"
"Franklin","3,225"
"Frontier","2,756"
"Furnas","4,959"
"Gage","22,311"
"Garden","2,057"
"Garfield","2,049"
"Gosper","2,044"
"Grant","614"
"Greeley","2,538"
"Hall","58,607"
"Hamilton","9,124"
"Harlan","3,423"
"Hayes","967"
"Hitchcock","2,908"
"Holt","10,435"
"Hooker","736"
"Howard","6,274"
"Jefferson","7,547"
"Johnson","5,217"
"Kearney","6,489"
"Keith","8,368"
"Keya","824"
"Kimball","3,821"
"Knox","8,701"
"Lancaster","285,407"
"Lincoln","36,288"
"Logan","763"
"Loup","632"
"McPherson","539"
"Madison","34,876"
"Merrick","7,845"
"Morrill","5,042"
"Nance","3,735"
"Nemaha","7,248"
"Nuckolls","4,500"
"Otoe","15,740"
"Pawnee","2,773"
"Perkins","2,970"
"Phelps","9,188"
"Pierce","7,266"
"Platte","32,237"
"Polk","5,406"
"Red","11,055"
"Richardson","8,363"
"Rock","1,526"
"Saline","14,200"
"Sarpy","158,840"
"Saunders","20,780"
"Scotts","36,970"
"Seward","16,750"
"Sheridan","5,469"
"Sherman","3,152"
"Sioux","1,311"
"Stanton","6,129"
"Thayer","5,228"
"Thomas","647"
"Thurston","6,940"
"Valley","4,260"
"Washington","20,234"
"Wayne","9,595"
"Webster","3,812"
"Wheeler","818"
"York","13,665"
"Churchill","24,877"
"Clark","1,951,269"
"Douglas","46,997"
"Elko","48,818"
"Esmeralda","783"
"Eureka","1,987"
"Humboldt","16,528"
"Lander","5,775"
"Lincoln","5,345"
"Lyon","51,980"
"Mineral","4,772"
"Nye","43,946"
"Pershing","6,753"
"Storey","4,010"
"Washoe","421,407"
"White","10,030"
"Carson","55,274"
"Belknap","60,088"
"Carroll","47,818"
"Cheshire","77,117"
"Coos","33,055"
"Grafton","89,118"
"Hillsborough","400,721"
"Merrimack","146,445"
"Rockingham","295,223"
"Strafford","123,143"
"Sullivan","43,742"
"Atlantic","274,549"
"Bergen","905,116"
"Burlington","448,734"
"Camden","513,657"
"Cape","97,265"
"Cumberland","156,898"
"Essex","783,969"
"Gloucester","288,288"
"Hudson","634,266"
"Hunterdon","128,349"
"Mercer","366,513"
"Middlesex","809,858"
"Monmouth","630,380"
"Morris","492,276"
"Ocean","576,567"
"Passaic","501,226"
"Salem","66,083"
"Somerset","323,444"
"Sussex","149,265"
"Union","536,499"
"Warren","108,692"
"Bernalillo","662,564"
"Catron","3,725"
"Chaves","65,645"
"Cibola","27,213"
"Colfax","13,750"
"Curry","48,376"
"De","2,022"
"Do√±a","209,233"
"Eddy","53,829"
"Grant","29,514"
"Guadalupe","4,687"
"Harding","695"
"Hidalgo","4,894"
"Lea","64,727"
"Lincoln","20,497"
"Los","17,950"
"Luna","25,095"
"McKinley","71,492"
"Mora","4,881"
"Otero","63,797"
"Quay","9,041"
"Rio","40,246"
"Roosevelt","19,846"
"Sandoval","131,561"
"San","130,044"
"San","29,393"
"Santa","144,170"
"Sierra","11,988"
"Socorro","17,866"
"Taos","32,937"
"Torrance","16,383"
"Union","4,549"
"Valencia","76,569"
"Albany","304,204"
"Allegany","48,946"
"Bronx","1,385,108"
"Broome","200,600"
"Cattaraugus","80,317"
"Cayuga","80,026"
"Chautauqua","134,905"
"Chemung","88,830"
"Chenango","50,477"
"Clinton","82,128"
"Columbia","63,096"
"Cortland","49,336"
"Delaware","47,980"
"Dutchess","297,488"
"Erie","919,040"
"Essex","39,370"
"Franklin","51,599"
"Fulton","55,531"
"Genesee","60,079"
"Greene","49,221"
"Hamilton","4,836"
"Herkimer","64,519"
"Jefferson","116,229"
"Kings","2,504,700"
"Lewis","27,087"
"Livingston","65,393"
"Madison","73,442"
"Monroe","744,344"
"Montgomery","50,219"
"Nassau","1,339,532"
"New","1,585,873"
"Niagara","216,469"
"Oneida","234,878"
"Onondaga","467,026"
"Ontario","107,931"
"Orange","372,813"
"Orleans","42,883"
"Oswego","122,109"
"Otsego","62,259"
"Putnam","99,710"
"Queens","2,230,722"
"Rensselaer","159,429"
"Richmond","468,730"
"Rockland","311,687"
"St","111,944"
"Saratoga","219,607"
"Schenectady","154,727"
"Schoharie","32,749"
"Schuyler","18,343"
"Seneca","35,251"
"Steuben","98,990"
"Suffolk","1,493,350"
"Sullivan","77,547"
"Tioga","51,125"
"Tompkins","101,564"
"Ulster","182,493"
"Warren","65,707"
"Washington","63,216"
"Wayne","93,772"
"Westchester","949,113"
"Wyoming","42,155"
"Yates","25,348"
"Alamance","151,131"
"Alexander","37,198"
"Alleghany","11,155"
"Anson","26,948"
"Ashe","27,281"
"Avery","17,797"
"Beaufort","47,759"
"Bertie","21,282"
"Bladen","35,190"
"Brunswick","107,431"
"Buncombe","238,318"
"Burke","90,912"
"Cabarrus","178,011"
"Caldwell","83,029"
"Camden","9,980"
"Carteret","66,469"
"Caswell","23,719"
"Catawba","154,358"
"Chatham","63,505"
"Cherokee","27,444"
"Chowan","14,793"
"Clay","10,587"
"Cleveland","98,078"
"Columbus","58,098"
"Craven","103,505"
"Cumberland","319,431"
"Currituck","23,547"
"Dare","33,920"
"Davidson","162,878"
"Davie","41,240"
"Duplin","58,505"
"Durham","267,587"
"Edgecombe","56,552"
"Forsyth","350,670"
"Franklin","60,619"
"Gaston","206,086"
"Gates","12,197"
"Graham","8,861"
"Granville","59,916"
"Greene","21,362"
"Guilford","488,406"
"Halifax","54,691"
"Harnett","114,678"
"Haywood","59,036"
"Henderson","106,740"
"Hertford","24,669"
"Hoke","46,952"
"Hyde","5,810"
"Iredell","159,437"
"Jackson","40,271"
"Johnston","168,878"
"Jones","10,153"
"Lee","57,866"
"Lenoir","59,495"
"Lincoln","78,265"
"McDowell","44,996"
"Macon","33,922"
"Madison","20,764"
"Martin","24,505"
"Mecklenburg","919,628"
"Mitchell","15,579"
"Montgomery","27,798"
"Moore","88,247"
"Nash","95,840"
"New","202,667"
"Northampton","22,099"
"Onslow","177,772"
"Orange","133,801"
"Pamlico","13,144"
"Pasquotank","40,661"
"Pender","52,217"
"Perquimans","13,453"
"Person","39,464"
"Pitt","168,148"
"Polk","20,510"
"Randolph","141,752"
"Richmond","46,639"
"Robeson","134,168"
"Rockingham","93,643"
"Rowan","138,428"
"Rutherford","67,810"
"Sampson","63,431"
"Scotland","36,157"
"Stanly","60,585"
"Stokes","47,401"
"Surry","73,673"
"Swain","13,981"
"Transylvania","33,090"
"Tyrrell","4,407"
"Union","201,292"
"Vance","45,422"
"Wake","900,993"
"Warren","20,972"
"Washington","13,228"
"Watauga","51,079"
"Wayne","122,623"
"Wilkes","69,340"
"Wilson","81,234"
"Yadkin","38,406"
"Yancey","17,818"
"Adams","2,343"
"Barnes","11,066"
"Benson","6,660"
"Billings","783"
"Bottineau","6,429"
"Bowman","3,151"
"Burke","1,968"
"Burleigh","81,308"
"Cass","149,778"
"Cavalier","3,993"
"Dickey","5,289"
"Divide","2,071"
"Dunn","3,536"
"Eddy","2,385"
"Emmons","3,550"
"Foster","3,343"
"Golden","1,680"
"Grand","66,861"
"Grant","2,394"
"Griggs","2,420"
"Hettinger","2,477"
"Kidder","2,435"
"LaMoure","4,139"
"Logan","1,990"
"McHenry","5,395"
"McIntosh","2,809"
"McKenzie","6,360"
"McLean","8,962"
"Mercer","8,424"
"Morton","27,471"
"Mountrail","7,673"
"Nelson","3,126"
"Oliver","1,846"
"Pembina","7,413"
"Pierce","4,357"
"Ramsey","11,451"
"Ransom","5,457"
"Renville","2,470"
"Richland","16,321"
"Rolette","13,937"
"Sargent","3,829"
"Sheridan","1,321"
"Sioux","4,153"
"Slope","727"
"Stark","24,199"
"Steele","1,975"
"Stutsman","21,100"
"Towner","2,246"
"Traill","8,121"
"Walsh","11,119"
"Ward","61,675"
"Wells","4,207"
"Williams","22,398"
"Adams","28,550"
"Allen","106,331"
"Ashland","53,139"
"Ashtabula","101,497"
"Athens","64,757"
"Auglaize","45,949"
"Belmont","70,400"
"Brown","44,846"
"Butler","368,130"
"Carroll","28,836"
"Champaign","40,097"
"Clark","138,333"
"Clermont","197,363"
"Clinton","42,040"
"Columbiana","107,841"
"Coshocton","36,901"
"Crawford","43,784"
"Cuyahoga","1,280,122"
"Darke","52,959"
"Defiance","39,037"
"Delaware","174,214"
"Erie","77,079"
"Fairfield","146,156"
"Fayette","29,030"
"Franklin","1,163,414"
"Fulton","42,698"
"Gallia","30,934"
"Geauga","93,389"
"Greene","161,573"
"Guernsey","40,087"
"Hamilton","802,374"
"Hancock","74,782"
"Hardin","32,058"
"Harrison","15,864"
"Henry","28,215"
"Highland","43,589"
"Hocking","29,380"
"Holmes","42,366"
"Huron","59,626"
"Jackson","33,225"
"Jefferson","69,709"
"Knox","60,921"
"Lake","230,041"
"Lawrence","62,450"
"Licking","166,492"
"Logan","45,858"
"Lorain","301,356"
"Lucas","441,815"
"Madison","43,435"
"Mahoning","238,823"
"Marion","66,501"
"Medina","172,332"
"Meigs","23,770"
"Mercer","40,814"
"Miami","102,506"
"Monroe","14,642"
"Montgomery","535,153"
"Morgan","15,054"
"Morrow","34,827"
"Muskingum","86,074"
"Noble","14,645"
"Ottawa","41,428"
"Paulding","19,614"
"Perry","36,058"
"Pickaway","55,698"
"Pike","28,709"
"Portage","161,419"
"Preble","42,270"
"Putnam","34,499"
"Richland","124,475"
"Ross","78,064"
"Sandusky","60,944"
"Scioto","79,499"
"Seneca","56,745"
"Shelby","49,423"
"Stark","375,586"
"Summit","541,781"
"Trumbull","210,312"
"Tuscarawas","92,582"
"Union","52,300"
"Van","28,744"
"Vinton","13,435"
"Warren","212,693"
"Washington","61,778"
"Wayne","114,520"
"Williams","37,642"
"Wood","125,488"
"Wyandot","22,615"
"Adair","22,683"
"Alfalfa","5,642"
"Atoka","14,182"
"Beaver","5,636"
"Beckham","22,119"
"Blaine","11,943"
"Bryan","42,416"
"Caddo","29,600"
"Canadian","115,541"
"Carter","47,557"
"Cherokee","46,987"
"Choctaw","15,205"
"Cimarron","2,475"
"Cleveland","255,755"
"Coal","5,925"
"Comanche","124,098"
"Cotton","6,193"
"Craig","15,029"
"Creek","69,967"
"Custer","27,469"
"Delaware","41,487"
"Dewey","4,810"
"Ellis","4,151"
"Garfield","60,580"
"Garvin","27,576"
"Grady","52,431"
"Grant","4,527"
"Greer","6,239"
"Harmon","2,922"
"Harper","3,685"
"Haskell","12,769"
"Hughes","14,003"
"Jackson","26,446"
"Jefferson","6,472"
"Johnston","10,957"
"Kay","46,562"
"Kingfisher","15,034"
"Kiowa","9,446"
"Latimer","11,154"
"Le","50,384"
"Lincoln","34,273"
"Logan","41,848"
"Love","9,423"
"McClain","34,506"
"McCurtain","33,151"
"McIntosh","20,252"
"Major","7,527"
"Marshall","15,840"
"Mayes","41,259"
"Murray","13,488"
"Muskogee","70,990"
"Noble","11,561"
"Nowata","10,536"
"Okfuskee","12,191"
"Oklahoma","718,633"
"Okmulgee","40,069"
"Osage","47,472"
"Ottawa","31,848"
"Pawnee","16,577"
"Payne","77,350"
"Pittsburg","45,837"
"Pontotoc","37,492"
"Pottawatomie","69,442"
"Pushmataha","11,572"
"Roger","3,647"
"Rogers","86,905"
"Seminole","25,482"
"Sequoyah","42,391"
"Stephens","45,048"
"Texas","20,640"
"Tillman","7,992"
"Tulsa","603,403"
"Wagoner","73,085"
"Washington","50,976"
"Washita","11,629"
"Woods","8,878"
"Woodward","20,081"
"Baker","16,134"
"Benton","85,579"
"Clackamas","375,992"
"Clatsop","37,039"
"Columbia","49,351"
"Coos","63,043"
"Crook","20,978"
"Curry","22,364"
"Deschutes","157,733"
"Douglas","107,667"
"Gilliam","1,871"
"Grant","7,445"
"Harney","7,422"
"Hood","22,346"
"Jackson","203,206"
"Jefferson","21,720"
"Josephine","82,713"
"Klamath","66,380"
"Lake","7,895"
"Lane","351,715"
"Lincoln","46,034"
"Linn","116,672"
"Malheur","31,313"
"Marion","315,335"
"Morrow","11,173"
"Multnomah","735,334"
"Polk","75,403"
"Sherman","1,765"
"Tillamook","25,250"
"Umatilla","75,889"
"Union","25,748"
"Wallowa","7,008"
"Wasco","25,213"
"Washington","529,710"
"Wheeler","1,441"
"Yamhill","99,193"
"Adams","101,407"
"Allegheny","1,223,348"
"Armstrong","68,941"
"Beaver","170,539"
"Bedford","49,762"
"Berks","411,442"
"Blair","127,089"
"Bradford","62,622"
"Bucks","625,249"
"Butler","183,862"
"Cambria","143,679"
"Cameron","5,085"
"Carbon","65,249"
"Centre","153,990"
"Chester","498,886"
"Clarion","39,988"
"Clearfield","81,642"
"Clinton","39,238"
"Columbia","67,295"
"Crawford","88,765"
"Cumberland","235,406"
"Dauphin","268,100"
"Delaware","558,979"
"Elk","31,946"
"Erie","280,566"
"Fayette","136,606"
"Forest","7,716"
"Franklin","149,618"
"Fulton","14,845"
"Greene","38,686"
"Huntingdon","45,913"
"Indiana","88,880"
"Jefferson","45,200"
"Juniata","24,636"
"Lackawanna","214,437"
"Lancaster","519,445"
"Lawrence","91,108"
"Lebanon","133,568"
"Lehigh","349,497"
"Luzerne","320,918"
"Lycoming","116,111"
"McKean","43,450"
"Mercer","116,638"
"Mifflin","46,682"
"Monroe","169,842"
"Montgomery","799,874"
"Montour","18,267"
"Northampton","297,735"
"Northumberland","94,528"
"Perry","45,969"
"Philadelphia","1,526,006"
"Pike","57,369"
"Potter","17,457"
"Schuylkill","148,289"
"Snyder","39,702"
"Somerset","77,742"
"Sullivan","6,428"
"Susquehanna","43,356"
"Tioga","41,981"
"Union","44,947"
"Venango","54,984"
"Warren","41,815"
"Washington","207,820"
"Wayne","52,822"
"Westmoreland","365,169"
"Wyoming","28,276"
"York","434,972"
"Bristol","49,875"
"Kent","166,158"
"Newport","82,888"
"Providence","626,667"
"Washington","126,979"
"Abbeville","25,417"
"Aiken","160,099"
"Allendale","10,419"
"Anderson","187,126"
"Bamberg","15,987"
"Barnwell","22,621"
"Beaufort","162,233"
"Berkeley","177,843"
"Calhoun","15,175"
"Charleston","350,209"
"Cherokee","55,342"
"Chester","33,140"
"Chesterfield","46,734"
"Clarendon","34,971"
"Colleton","38,892"
"Darlington","68,681"
"Dillon","32,062"
"Dorchester","136,555"
"Edgefield","26,985"
"Fairfield","23,956"
"Florence","136,885"
"Georgetown","60,158"
"Greenville","451,225"
"Greenwood","69,661"
"Hampton","21,090"
"Horry","269,291"
"Jasper","24,777"
"Kershaw","61,697"
"Lancaster","76,652"
"Laurens","66,537"
"Lee","19,220"
"Lexington","262,391"
"McCormick","10,233"
"Marion","33,062"
"Marlboro","28,933"
"Newberry","37,508"
"Oconee","74,273"
"Orangeburg","92,501"
"Pickens","119,224"
"Richland","384,504"
"Saluda","19,875"
"Spartanburg","284,307"
"Sumter","107,456"
"Union","28,961"
"Williamsburg","34,423"
"York","226,073"
"Aurora","2,710"
"Beadle","17,398"
"Bennett","3,431"
"Bon","7,070"
"Brookings","31,965"
"Brown","36,531"
"Brule","5,255"
"Buffalo","1,912"
"Butte","10,110"
"Campbell","1,466"
"Charles","9,129"
"Clark","3,691"
"Clay","13,864"
"Codington","27,227"
"Corson","4,050"
"Custer","8,216"
"Davison","19,504"
"Day","5,710"
"Deuel","4,364"
"Dewey","5,301"
"Douglas","3,002"
"Edmunds","4,071"
"Fall","7,094"
"Faulk","2,364"
"Grant","7,356"
"Gregory","4,271"
"Haakon","1,937"
"Hamlin","5,903"
"Hand","3,431"
"Hanson","3,331"
"Harding","1,255"
"Hughes","17,022"
"Hutchinson","7,343"
"Hyde","1,420"
"Jackson","3,031"
"Jerauld","2,071"
"Jones","1,006"
"Kingsbury","5,148"
"Lake","11,200"
"Lawrence","24,097"
"Lincoln","44,828"
"Lyman","3,755"
"McCook","5,618"
"McPherson","2,459"
"Marshall","4,656"
"Meade","25,434"
"Mellette","2,048"
"Miner","2,389"
"Minnehaha","169,468"
"Moody","6,486"
"Oglala","13,586"
"Pennington","100,948"
"Perkins","2,982"
"Potter","2,329"
"Roberts","10,149"
"Sanborn","2,355"
"Spink","6,415"
"Stanley","2,966"
"Sully","1,373"
"Todd","9,612"
"Tripp","5,644"
"Turner","8,347"
"Union","14,399"
"Walworth","5,438"
"Yankton","22,438"
"Ziebach","2,801"
"Anderson","75,129"
"Bedford","45,058"
"Benton","16,489"
"Bledsoe","12,876"
"Blount","123,010"
"Bradley","98,963"
"Campbell","40,716"
"Cannon","13,801"
"Carroll","28,522"
"Carter","57,424"
"Cheatham","39,105"
"Chester","17,131"
"Claiborne","32,213"
"Clay","7,861"
"Cocke","35,662"
"Coffee","52,796"
"Crockett","14,586"
"Cumberland","56,053"
"Davidson","626,681"
"Decatur","11,757"
"DeKalb","18,723"
"Dickson","49,666"
"Dyer","38,335"
"Fayette","38,413"
"Fentress","17,959"
"Franklin","41,052"
"Gibson","49,683"
"Giles","29,485"
"Grainger","22,657"
"Greene","68,831"
"Grundy","13,703"
"Hamblen","62,544"
"Hamilton","336,463"
"Hancock","6,819"
"Hardeman","27,253"
"Hardin","26,026"
"Hawkins","56,833"
"Haywood","18,787"
"Henderson","27,769"
"Henry","32,330"
"Hickman","24,690"
"Houston","8,426"
"Humphreys","18,538"
"Jackson","11,638"
"Jefferson","51,407"
"Johnson","18,244"
"Knox","432,226"
"Lake","7,832"
"Lauderdale","27,815"
"Lawrence","41,869"
"Lewis","12,161"
"Lincoln","33,361"
"Loudon","48,556"
"McMinn","52,266"
"McNairy","26,075"
"Macon","22,248"
"Madison","98,294"
"Marion","28,237"
"Marshall","30,617"
"Maury","80,956"
"Meigs","11,753"
"Monroe","44,519"
"Montgomery","172,331"
"Moore","6,362"
"Morgan","21,987"
"Obion","31,807"
"Overton","22,083"
"Perry","7,915"
"Pickett","5,077"
"Polk","16,825"
"Putnam","72,321"
"Rhea","31,809"
"Roane","54,181"
"Robertson","66,283"
"Rutherford","262,604"
"Scott","22,228"
"Sequatchie","14,112"
"Sevier","89,889"
"Shelby","927,644"
"Smith","19,166"
"Stewart","13,324"
"Sullivan","156,823"
"Sumner","160,645"
"Tipton","61,081"
"Trousdale","7,870"
"Unicoi","18,313"
"Union","19,109"
"Van","5,548"
"Warren","39,839"
"Washington","122,979"
"Wayne","17,021"
"Weakley","35,021"
"White","25,841"
"Williamson","183,182"
"Wilson","113,993"
"Anderson","58,458"
"Andrews","14,786"
"Angelina","86,771"
"Aransas","23,158"
"Archer","9,054"
"Armstrong","1,901"
"Atascosa","44,911"
"Austin","28,417"
"Bailey","7,165"
"Bandera","20,485"
"Bastrop","74,171"
"Baylor","3,726"
"Bee","31,861"
"Bell","310,235"
"Bexar","1,714,773"
"Blanco","10,497"
"Borden","641"
"Bosque","18,212"
"Bowie","92,565"
"Brazoria","313,166"
"Brazos","194,851"
"Brewster","9,232"
"Briscoe","1,637"
"Brooks","7,223"
"Brown","38,106"
"Burleson","17,187"
"Burnet","42,750"
"Caldwell","38,066"
"Calhoun","21,381"
"Callahan","13,544"
"Cameron","406,220"
"Camp","12,401"
"Carson","6,182"
"Cass","30,464"
"Castro","8,062"
"Chambers","35,096"
"Cherokee","50,845"
"Childress","7,041"
"Clay","10,752"
"Cochran","3,127"
"Coke","3,320"
"Coleman","8,895"
"Collin","782,341"
"Collingsworth","3,057"
"Colorado","20,874"
"Comal","108,472"
"Comanche","13,974"
"Concho","4,087"
"Cooke","38,437"
"Coryell","75,388"
"Cottle","1,505"
"Crane","4,375"
"Crockett","3,719"
"Crosby","6,059"
"Culberson","2,398"
"Dallam","6,703"
"Dallas","2,368,139"
"Dawson","13,833"
"Deaf","19,372"
"Delta","5,231"
"Denton","662,614"
"DeWitt","20,097"
"Dickens","2,444"
"Dimmit","9,996"
"Donley","3,677"
"Duval","11,782"
"Eastland","18,583"
"Ector","137,130"
"Edwards","2,002"
"Ellis","149,610"
"El","800,647"
"Erath","37,890"
"Falls","17,866"
"Fannin","33,915"
"Fayette","24,554"
"Fisher","3,974"
"Floyd","6,446"
"Foard","1,336"
"Fort","585,375"
"Franklin","10,605"
"Freestone","19,816"
"Frio","17,217"
"Gaines","17,526"
"Galveston","291,309"
"Garza","6,461"
"Gillespie","24,837"
"Glasscock","1,226"
"Goliad","7,210"
"Gonzales","19,807"
"Gray","22,535"
"Grayson","120,877"
"Gregg","121,730"
"Grimes","26,604"
"Guadalupe","131,533"
"Hale","36,273"
"Hall","3,353"
"Hamilton","8,517"
"Hansford","5,613"
"Hardeman","4,139"
"Hardin","54,635"
"Harris","4,092,459"
"Harrison","65,631"
"Hartley","6,062"
"Haskell","5,899"
"Hays","157,107"
"Hemphill","3,807"
"Henderson","78,532"
"Hidalgo","774,769"
"Hill","35,089"
"Hockley","22,935"
"Hood","51,182"
"Hopkins","35,161"
"Houston","23,732"
"Howard","35,012"
"Hudspeth","3,476"
"Hunt","86,129"
"Hutchinson","22,150"
"Irion","1,599"
"Jack","9,044"
"Jackson","14,075"
"Jasper","35,710"
"Jeff","2,342"
"Jefferson","252,273"
"Jim","5,300"
"Jim","40,838"
"Johnson","150,934"
"Jones","20,202"
"Karnes","14,824"
"Kaufman","103,350"
"Kendall","33,410"
"Kenedy","416"
"Kent","808"
"Kerr","49,625"
"Kimble","4,607"
"King","286"
"Kinney","3,598"
"Kleberg","32,061"
"Knox","3,719"
"Lamar","49,793"
"Lamb","13,977"
"Lampasas","19,677"
"La","6,886"
"Lavaca","19,263"
"Lee","16,612"
"Leon","16,801"
"Liberty","75,643"
"Limestone","23,384"
"Lipscomb","3,302"
"Live","11,531"
"Llano","19,301"
"Loving","82"
"Lubbock","278,831"
"Lynn","5,915"
"McCulloch","8,283"
"McLennan","234,906"
"McMullen","707"
"Madison","13,664"
"Marion","10,546"
"Martin","4,799"
"Mason","4,012"
"Matagorda","36,702"
"Maverick","54,258"
"Medina","46,006"
"Menard","2,242"
"Midland","136,872"
"Milam","24,757"
"Mills","4,936"
"Mitchell","9,403"
"Montague","19,719"
"Montgomery","455,746"
"Moore","21,904"
"Morris","12,934"
"Motley","1,210"
"Nacogdoches","64,524"
"Navarro","47,735"
"Newton","14,445"
"Nolan","15,216"
"Nueces","340,223"
"Ochiltree","10,223"
"Oldham","2,052"
"Orange","81,837"
"Palo","28,111"
"Panola","23,796"
"Parker","116,927"
"Parmer","10,269"
"Pecos","15,507"
"Polk","45,413"
"Potter","121,073"
"Presidio","7,818"
"Rains","10,914"
"Randall","120,725"
"Reagan","3,367"
"Real","3,309"
"Red","12,860"
"Reeves","13,783"
"Refugio","7,383"
"Roberts","929"
"Robertson","16,622"
"Rockwall","78,337"
"Runnels","10,501"
"Rusk","53,330"
"Sabine","10,834"
"San","8,865"
"San","26,384"
"San","64,804"
"San","6,131"
"Schleicher","3,461"
"Scurry","16,921"
"Shackelford","3,378"
"Shelby","25,448"
"Sherman","3,034"
"Smith","209,714"
"Somervell","8,490"
"Starr","60,968"
"Stephens","9,630"
"Sterling","1,143"
"Stonewall","1,490"
"Sutton","4,128"
"Swisher","7,854"
"Tarrant","1,809,034"
"Taylor","131,506"
"Terrell","984"
"Terry","12,651"
"Throckmorton","1,641"
"Titus","32,334"
"Tom","110,224"
"Travis","1,024,266"
"Trinity","14,585"
"Tyler","21,766"
"Upshur","39,309"
"Upton","3,355"
"Uvalde","26,405"
"Val","48,879"
"Van","52,579"
"Victoria","86,793"
"Walker","67,861"
"Waller","43,205"
"Ward","10,658"
"Washington","33,718"
"Webb","250,304"
"Wharton","41,280"
"Wheeler","5,410"
"Wichita","131,500"
"Wilbarger","13,535"
"Willacy","22,134"
"Williamson","422,679"
"Wilson","42,918"
"Winkler","7,110"
"Wise","59,127"
"Wood","41,964"
"Yoakum","7,879"
"Young","18,550"
"Zapata","14,018"
"Zavala","11,677"
"Beaver","6,629"
"Box","49,975"
"Cache","112,656"
"Carbon","21,403"
"Daggett","1,059"
"Davis","306,479"
"Duchesne","18,607"
"Emery","10,976"
"Garfield","5,172"
"Grand","9,225"
"Iron","46,163"
"Juab","10,246"
"Kane","7,125"
"Millard","12,503"
"Morgan","9,469"
"Piute","1,556"
"Rich","2,264"
"Salt","1,029,655"
"San","14,746"
"Sanpete","27,822"
"Sevier","20,802"
"Summit","36,324"
"Tooele","58,218"
"Uintah","32,588"
"Utah","516,564"
"Wasatch","23,530"
"Washington","138,115"
"Wayne","2,778"
"Weber","231,236"
"Addison","36,821"
"Bennington","37,125"
"Caledonia","31,227"
"Chittenden","156,545"
"Essex","6,306"
"Franklin","47,746"
"Grand","6,970"
"Lamoille","24,475"
"Orange","28,936"
"Orleans","27,231"
"Rutland","61,642"
"Washington","59,534"
"Windham","44,513"
"Windsor","56,670"
"Accomack","33,164"
"Albemarle","98,970"
"Alleghany","16,250"
"Amelia","12,690"
"Amherst","32,353"
"Appomattox","14,973"
"Arlington","207,627"
"Augusta","73,750"
"Bath","4,731"
"Bedford","68,676"
"Bland","6,824"
"Botetourt","33,148"
"Brunswick","17,434"
"Buchanan","24,098"
"Buckingham","17,146"
"Campbell","54,842"
"Caroline","28,545"
"Carroll","30,042"
"Charles","7,256"
"Charlotte","12,586"
"Chesterfield","316,236"
"Clarke","14,034"
"Craig","5,190"
"Culpeper","46,689"
"Cumberland","10,052"
"Dickenson","15,903"
"Dinwiddie","28,001"
"Essex","11,151"
"Fairfax","1,081,726"
"Fauquier","65,203"
"Floyd","15,279"
"Fluvanna","25,691"
"Franklin","56,159"
"Frederick","78,305"
"Giles","17,286"
"Gloucester","36,858"
"Goochland","21,717"
"Grayson","15,533"
"Greene","18,403"
"Greensville","12,243"
"Halifax","36,241"
"Hanover","99,863"
"Henrico","306,935"
"Henry","54,151"
"Highland","2,321"
"Isle","35,270"
"James","67,009"
"King","6,945"
"King","23,584"
"King","15,935"
"Lancaster","11,391"
"Lee","25,587"
"Loudoun","312,311"
"Louisa","33,153"
"Lunenburg","12,914"
"Madison","13,308"
"Mathews","8,978"
"Mecklenburg","32,727"
"Middlesex","10,959"
"Montgomery","94,392"
"Nelson","15,020"
"New","18,429"
"Northampton","12,389"
"Northumberland","12,330"
"Nottoway","15,853"
"Orange","33,481"
"Page","24,042"
"Patrick","18,490"
"Pittsylvania","63,506"
"Powhatan","28,046"
"Prince","23,368"
"Prince","35,725"
"Prince","402,002"
"Pulaski","34,872"
"Rappahannock","7,373"
"Richmond","9,254"
"Roanoke","92,376"
"Rockbridge","22,307"
"Rockingham","76,314"
"Russell","28,897"
"Scott","23,177"
"Shenandoah","41,993"
"Smyth","32,208"
"Southampton","18,570"
"Spotsylvania","122,397"
"Stafford","128,961"
"Surry","7,058"
"Sussex","12,087"
"Tazewell","45,078"
"Warren","37,575"
"Washington","54,876"
"Westmoreland","17,454"
"Wise","41,452"
"Wythe","29,235"
"York","65,464"
"Alexandria","139,966"
"Bristol","17,835"
"Buena","6,650"
"Charlottesville","43,475"
"Chesapeake","222,209"
"Colonial","17,411"
"Covington","5,961"
"Danville","43,055"
"Emporia","5,927"
"Fairfax","22,565"
"Falls","12,332"
"Franklin","8,582"
"Fredericksburg","24,286"
"Galax","7,042"
"Hampton","137,436"
"Harrisonburg","48,914"
"Hopewell","22,591"
"Lexington","7,042"
"Lynchburg","75,568"
"Manassas","37,821"
"Manassas","14,273"
"Martinsville","13,821"
"Newport","180,719"
"Norfolk","242,803"
"Norton","3,958"
"Petersburg","32,420"
"Poquoson","12,150"
"Portsmouth","95,535"
"Radford","16,408"
"Richmond","204,214"
"Roanoke","97,032"
"Salem","24,802"
"Staunton","23,746"
"Suffolk","84,585"
"Virginia","437,994"
"Waynesboro","21,006"
"Williamsburg","14,068"
"Winchester","26,203"
"Adams","18,728"
"Asotin","21,623"
"Benton","175,177"
"Chelan","72,453"
"Clallam","71,404"
"Clark","425,363"
"Columbia","4,078"
"Cowlitz","102,410"
"Douglas","38,431"
"Ferry","7,551"
"Franklin","78,163"
"Garfield","2,266"
"Grant","89,120"
"Grays","72,797"
"Island","78,506"
"Jefferson","29,872"
"King","1,931,249"
"Kitsap","251,133"
"Kittitas","40,915"
"Klickitat","20,318"
"Lewis","75,455"
"Lincoln","10,570"
"Mason","60,699"
"Okanogan","41,120"
"Pacific","20,920"
"Pend","13,001"
"Pierce","795,225"
"San","15,769"
"Skagit","116,901"
"Skamania","11,066"
"Snohomish","713,335"
"Spokane","471,221"
"Stevens","43,531"
"Thurston","252,264"
"Wahkiakum","3,978"
"Walla","58,781"
"Whatcom","201,140"
"Whitman","44,776"
"Yakima","243,231"
"Barbour","16,589"
"Berkeley","104,169"
"Boone","24,629"
"Braxton","14,523"
"Brooke","24,069"
"Cabell","96,319"
"Calhoun","7,627"
"Clay","9,386"
"Doddridge","8,202"
"Fayette","46,039"
"Gilmer","8,693"
"Grant","11,937"
"Greenbrier","35,480"
"Hampshire","23,964"
"Hancock","30,676"
"Hardy","14,025"
"Harrison","69,099"
"Jackson","29,211"
"Jefferson","53,498"
"Kanawha","193,063"
"Lewis","16,372"
"Lincoln","21,720"
"Logan","36,743"
"McDowell","22,113"
"Marion","56,418"
"Marshall","33,107"
"Mason","27,324"
"Mercer","62,264"
"Mineral","28,212"
"Mingo","26,839"
"Monongalia","96,189"
"Monroe","13,502"
"Morgan","17,541"
"Nicholas","26,233"
"Ohio","44,443"
"Pendleton","7,695"
"Pleasants","7,605"
"Pocahontas","8,719"
"Preston","33,520"
"Putnam","55,486"
"Raleigh","78,859"
"Randolph","29,405"
"Ritchie","10,449"
"Roane","14,926"
"Summers","13,927"
"Taylor","16,895"
"Tucker","7,141"
"Tyler","9,208"
"Upshur","24,254"
"Wayne","42,481"
"Webster","9,154"
"Wetzel","16,583"
"Wirt","5,717"
"Wood","86,956"
"Wyoming","23,796"
"Adams","20,875"
"Ashland","16,157"
"Barron","45,870"
"Bayfield","15,014"
"Brown","248,007"
"Buffalo","13,587"
"Burnett","15,457"
"Calumet","48,971"
"Chippewa","62,415"
"Clark","34,690"
"Columbia","56,833"
"Crawford","16,644"
"Dane","488,073"
"Dodge","88,759"
"Door","27,785"
"Douglas","44,159"
"Dunn","43,857"
"Eau","98,736"
"Florence","4,423"
"Fond","101,633"
"Forest","9,304"
"Grant","51,208"
"Green","36,842"
"Green","19,051"
"Iowa","23,687"
"Iron","5,916"
"Jackson","20,449"
"Jefferson","83,686"
"Juneau","26,664"
"Kenosha","166,426"
"Kewaunee","20,574"
"La","114,638"
"Lafayette","16,836"
"Langlade","19,977"
"Lincoln","28,743"
"Manitowoc","81,442"
"Marathon","134,063"
"Marinette","41,749"
"Marquette","15,404"
"Menominee","4,232"
"Milwaukee","947,735"
"Monroe","44,673"
"Oconto","37,660"
"Oneida","35,998"
"Outagamie","176,695"
"Ozaukee","86,395"
"Pepin","7,469"
"Pierce","41,019"
"Polk","44,205"
"Portage","70,019"
"Price","14,159"
"Racine","195,408"
"Richland","18,021"
"Rock","160,331"
"Rusk","14,755"
"St","84,345"
"Sauk","61,976"
"Sawyer","16,557"
"Shawano","41,949"
"Sheboygan","115,507"
"Taylor","20,689"
"Trempealeau","28,816"
"Vernon","29,773"
"Vilas","21,430"
"Walworth","102,228"
"Washburn","15,911"
"Washington","131,887"
"Waukesha","389,891"
"Waupaca","52,410"
"Waushara","24,496"
"Winnebago","166,994"
"Wood","74,749"
"Albany","36,299"
"Big","11,668"
"Campbell","46,133"
"Carbon","15,885"
"Converse","13,833"
"Crook","7,083"
"Fremont","40,123"
"Goshen","13,249"
"Hot","4,812"
"Johnson","8,569"
"Laramie","91,738"
"Lincoln","18,106"
"Natrona","75,450"
"Niobrara","2,484"
"Park","28,205"
"Platte","8,667"
"Sheridan","29,116"
"Sublette","10,247"
"Sweetwater","43,806"
"Teton","21,294"
"Uinta","21,118"
"Washakie","8,533"
"Weston","7,208"
